"","clutch_size","clutch_ID","clutch_order","female_helpers","male_helpers","mother_ID","Group_ID","Season","cent_female_helpers","cent_male_helpers","mean_female_helpers","mean_male_helpers"
"1",2,"AA006",2,0,0,"4H-48756","AARDVARK",2015,0,0,1,1
"2",2,"AA003",2,0,0,"4H-48756","AARDVARK",2013,0,0,1,1
"3",2,"AA007",3,0,0,"4H-48756","AARDVARK",2015,0,0,1,1
"4",3,"AY004",3,1,0,"4H-39163","AYEAYE",2007,-0.307692307692307,-0.769230769230769,2.30769230769231,1.76923076923077
"5",1,"AY007",3,0,0,"4H-39163","AYEAYE",2008,-1.30769230769231,-0.769230769230769,2.30769230769231,1.76923076923077
"6",2,"AY008",4,0,0,"4H-39163","AYEAYE",2008,-1.30769230769231,-0.769230769230769,2.30769230769231,1.76923076923077
"7",2,"AY010",2,1,2,"4H-39163","AYEAYE",2009,-0.307692307692307,1.23076923076923,2.30769230769231,1.76923076923077
"8",2,"AY011",3,1,1,"4H-39163","AYEAYE",2009,-0.307692307692307,0.230769230769231,2.30769230769231,1.76923076923077
"9",2,"AY012",1,4,2,"4H-39163","AYEAYE",2010,2.69230769230769,1.23076923076923,2.30769230769231,1.76923076923077
"10",2,"AY023",4,1,0,"4H-39163","AYEAYE",2013,-0.307692307692307,-0.769230769230769,2.30769230769231,1.76923076923077
"11",3,"AY014",2,3,1,"4H-39163","AYEAYE",2011,1.69230769230769,0.230769230769231,2.30769230769231,1.76923076923077
"12",2,"AY017",5,2,1,"4H-39163","AYEAYE",2011,0.692307692307693,0.230769230769231,2.30769230769231,1.76923076923077
"13",3,"AY019",2,0,0,"4H-39163","AYEAYE",2012,-1.30769230769231,-0.769230769230769,2.30769230769231,1.76923076923077
"14",3,"AY021",2,1,1,"4H-39163","AYEAYE",2013,-0.307692307692307,0.230769230769231,2.30769230769231,1.76923076923077
"15",2,"AY022",3,1,0,"4H-39163","AYEAYE",2013,-0.307692307692307,-0.769230769230769,2.30769230769231,1.76923076923077
"16",2,"AY025",2,2,2,"4H-39163","AYEAYE",2014,0.692307692307693,1.23076923076923,2.30769230769231,1.76923076923077
"17",2,"BO008",3,0,0,"4H-39172","BONGO",2008,-1,-1.09090909090909,2,2.09090909090909
"18",2,"BO009",4,0,1,"4H-39172","BONGO",2008,-1,-0.0909090909090908,2,2.09090909090909
"19",2,"BO012",3,2,3,"4H-39172","BONGO",2009,1,1.90909090909091,2,2.09090909090909
"20",2,"BO013",4,3,3,"4H-39172","BONGO",2009,2,1.90909090909091,2,2.09090909090909
"21",3,"BO017",4,2,1,"4H-39172","BONGO",2010,1,-0.0909090909090908,2,2.09090909090909
"22",2,"BO007",2,0,0,"4H-39172","BONGO",2008,-1,-1.09090909090909,2,2.09090909090909
"23",2,"BO015",2,2,1,"4H-39172","BONGO",2010,1,-0.0909090909090908,2,2.09090909090909
"24",3,"BO022",2,0,0,"4H-39172","BONGO",2013,-1,-1.09090909090909,2,2.09090909090909
"25",3,"BO023",3,0,0,"4H-39172","BONGO",2013,-1,-1.09090909090909,2,2.09090909090909
"26",2,"BO027",3,1,1,"4H-39172","BONGO",2014,0,-0.0909090909090908,2,2.09090909090909
"27",2,"BO029",2,1,2,"4H-39172","BONGO",2015,0,0.909090909090909,2,2.09090909090909
"28",3,"BO003",3,0,0,"4H-48913","BONGO",2007,0,0,1,1
"29",2,"BO002",2,0,0,"4H-48913","BONGO",2007,0,0,1,1
"30",2,"BO004",4,0,0,"4H-48913","BONGO",2007,0,0,1,1
"31",2,"BR001",1,1,2,"4H-68693","BRUBRU",2015,0,0,2,3
"32",3,"CA002",2,0,1,"4H-48717","CANARY",2013,0,0,1,2
"33",2,"CA003",3,0,1,"4H-48717","CANARY",2013,0,0,1,2
"34",2,"CH002",2,0,0,"4H-39192","CHIMP",2007,-0.5,-0.666666666666667,1.5,1.66666666666667
"35",2,"CH007",2,0,2,"4H-39192","CHIMP",2008,-0.5,1.33333333333333,1.5,1.66666666666667
"36",2,"CH008",2,1,1,"4H-39192","CHIMP",2009,0.5,0.333333333333333,1.5,1.66666666666667
"37",2,"CH009",4,1,1,"4H-39192","CHIMP",2009,0.5,0.333333333333333,1.5,1.66666666666667
"38",2,"CH011",2,1,0,"4H-39192","CHIMP",2010,0.5,-0.666666666666667,1.5,1.66666666666667
"39",2,"CH003",3,0,0,"4H-39192","CHIMP",2007,-0.5,-0.666666666666667,1.5,1.66666666666667
"40",2,"CH021",2,3,2,"4H-48935","CHIMP",2015,1.5,0.25,2.5,2.75
"41",2,"CH017",4,0,0,"4H-48935","CHIMP",2013,-1.5,-1.75,2.5,2.75
"42",3,"CH019",1,1,3,"4H-48935","CHIMP",2014,-0.5,1.25,2.5,2.75
"43",2,"CH022",3,2,2,"4H-48935","CHIMP",2015,0.5,0.25,2.5,2.75
"44",2,"DA003",1,0,1,"4H-48948","DASSIE",2012,0,0,1,2
"45",3,"DI002",2,0,0,"4H-39162","DIKDIK",2007,-1.5,-1.25,2.5,2.25
"46",3,"DI003",3,0,0,"4H-39162","DIKDIK",2007,-1.5,-1.25,2.5,2.25
"47",2,"DI005",2,2,1,"4H-39162","DIKDIK",2008,0.5,-0.25,2.5,2.25
"48",2,"DI006",3,2,1,"4H-39162","DIKDIK",2008,0.5,-0.25,2.5,2.25
"49",2,"DI010",3,3,3,"4H-39162","DIKDIK",2009,1.5,1.75,2.5,2.25
"50",2,"DI011",4,2,1,"4H-39162","DIKDIK",2009,0.5,-0.25,2.5,2.25
"51",2,"DI012",5,0,1,"4H-39162","DIKDIK",2009,-1.5,-0.25,2.5,2.25
"52",2,"DI009",2,3,3,"4H-39162","DIKDIK",2009,1.5,1.75,2.5,2.25
"53",2,"DI020",2,2,2,"4H-48858","DIKDIK",2014,0,0.5,3,2.5
"54",2,"DI021",3,2,2,"4H-48858","DIKDIK",2014,0,0.5,3,2.5
"55",2,"DI022",2,4,1,"4H-48858","DIKDIK",2015,2,-0.5,3,2.5
"56",3,"DI018",4,0,1,"4H-48858","DIKDIK",2013,-2,-0.5,3,2.5
"57",2,"DI013",1,1,2,"4H-48919","DIKDIK",2010,0,0,2,3
"58",1,"EL007",3,3,1,"4H-48927","ELAND",2008,1.3,-0.2,2.7,2.2
"59",3,"EL002",2,0,1,"4H-48927","ELAND",2007,-1.7,-0.2,2.7,2.2
"60",3,"EL003",3,0,1,"4H-48927","ELAND",2007,-1.7,-0.2,2.7,2.2
"61",2,"EL010",1,5,3,"4H-48927","ELAND",2009,3.3,1.8,2.7,2.2
"62",2,"EL012",3,2,2,"4H-48927","ELAND",2009,0.3,0.8,2.7,2.2
"63",2,"EL015",3,2,0,"4H-48927","ELAND",2010,0.3,-1.2,2.7,2.2
"64",2,"EL014",2,3,1,"4H-48927","ELAND",2010,1.3,-0.2,2.7,2.2
"65",2,"EL018",2,0,0,"4H-48927","ELAND",2013,-1.7,-1.2,2.7,2.2
"66",2,"EL003b",4,0,1,"4H-48927","ELAND",2007,-1.7,-0.2,2.7,2.2
"67",2,"EL016",1,2,2,"4H-48927","ELAND",2011,0.3,0.8,2.7,2.2
"68",2,"EL024",1,2,0,"4H-68622","ELAND",2015,0.5,0,2.5,1
"69",3,"EL025",2,1,0,"4H-68622","ELAND",2015,-0.5,0,2.5,1
"70",2,"FI001",1,0,0,"4H-68715","FINCH",2015,0,0,1,1
"71",3,"FO002",2,0,1,"4H-39187","FOSA",2007,0,0.333333333333333,1,1.66666666666667
"72",3,"FO003",3,0,1,"4H-39187","FOSA",2007,0,0.333333333333333,1,1.66666666666667
"73",3,"FO004",4,0,0,"4H-39187","FOSA",2007,0,-0.666666666666667,1,1.66666666666667
"74",2,"FO008",2,0,1,"4H-39196","FOSA",2008,-2,-0.857142857142857,3,2.85714285714286
"75",2,"FO009",3,0,1,"4H-39196","FOSA",2008,-2,-0.857142857142857,3,2.85714285714286
"76",2,"FO012",2,3,4,"4H-39196","FOSA",2009,1,2.14285714285714,3,2.85714285714286
"77",1,"FO016",6,3,1,"4H-39196","FOSA",2009,1,-0.857142857142857,3,2.85714285714286
"78",2,"FO017",2,4,1,"4H-39196","FOSA",2010,2,-0.857142857142857,3,2.85714285714286
"79",2,"FO013",3,3,4,"4H-39196","FOSA",2009,1,2.14285714285714,3,2.85714285714286
"80",2,"FO020",2,1,1,"4H-39196","FOSA",2011,-1,-0.857142857142857,3,2.85714285714286
"81",2,"FO029",2,4,4,"4H-54927","FOSA",2015,0,0,5,5
"82",2,"GE024",3,1,2,"4H-48772","GELADA",2012,0.5,-0.166666666666667,1.5,3.16666666666667
"83",2,"GE027",3,1,1,"4H-48772","GELADA",2013,0.5,-1.16666666666667,1.5,3.16666666666667
"84",3,"GE028",4,1,1,"4H-48772","GELADA",2013,0.5,-1.16666666666667,1.5,3.16666666666667
"85",2,"GE032",3,0,3,"4H-48772","GELADA",2014,-0.5,0.833333333333333,1.5,3.16666666666667
"86",2,"GE033",1,0,3,"4H-48772","GELADA",2015,-0.5,0.833333333333333,1.5,3.16666666666667
"87",2,"GE034",2,0,3,"4H-48772","GELADA",2015,-0.5,0.833333333333333,1.5,3.16666666666667
"88",2,"GE004",4,0,1,"4H-48920","GELADA",2007,-1.55555555555556,-1.11111111111111,2.55555555555556,3.11111111111111
"89",2,"GE003",3,0,2,"4H-48920","GELADA",2007,-1.55555555555556,-0.111111111111111,2.55555555555556,3.11111111111111
"90",2,"GE006",6,0,1,"4H-48920","GELADA",2007,-1.55555555555556,-1.11111111111111,2.55555555555556,3.11111111111111
"91",2,"GE009",3,2,1,"4H-48920","GELADA",2008,0.444444444444445,-1.11111111111111,2.55555555555556,3.11111111111111
"92",2,"GE017",2,5,5,"4H-48920","GELADA",2010,3.44444444444444,2.88888888888889,2.55555555555556,3.11111111111111
"93",2,"GE018",3,3,3,"4H-48920","GELADA",2010,1.44444444444444,0.888888888888889,2.55555555555556,3.11111111111111
"94",2,"GE013",3,3,3,"4H-48920","GELADA",2009,1.44444444444444,0.888888888888889,2.55555555555556,3.11111111111111
"95",2,"GE005",5,1,1,"4H-48920","GELADA",2007,-0.555555555555555,-1.11111111111111,2.55555555555556,3.11111111111111
"96",3,"GE002",2,0,2,"4H-48920","GELADA",2007,-1.55555555555556,-0.111111111111111,2.55555555555556,3.11111111111111
"97",3,"HY002",2,0,1,"4H-39168","HYRAX",2007,-1.45454545454545,-0.363636363636364,2.45454545454545,2.36363636363636
"98",2,"HY003",3,0,0,"4H-39168","HYRAX",2007,-1.45454545454545,-1.36363636363636,2.45454545454545,2.36363636363636
"99",1,"HY010",2,3,1,"4H-39168","HYRAX",2009,1.54545454545455,-0.363636363636364,2.45454545454545,2.36363636363636
"100",2,"HY004",4,0,0,"4H-39168","HYRAX",2007,-1.45454545454545,-1.36363636363636,2.45454545454545,2.36363636363636
"101",2,"HY006",2,2,1,"4H-39168","HYRAX",2008,0.545454545454545,-0.363636363636364,2.45454545454545,2.36363636363636
"102",1,"HY007",3,2,1,"4H-39168","HYRAX",2008,0.545454545454545,-0.363636363636364,2.45454545454545,2.36363636363636
"103",2,"HY011",3,3,3,"4H-39168","HYRAX",2009,1.54545454545455,1.63636363636364,2.45454545454545,2.36363636363636
"104",2,"HY015",3,2,2,"4H-39168","HYRAX",2010,0.545454545454545,0.636363636363636,2.45454545454545,2.36363636363636
"105",2,"HY016",4,1,2,"4H-39168","HYRAX",2010,-0.454545454545455,0.636363636363636,2.45454545454545,2.36363636363636
"106",2,"HY014",2,2,3,"4H-39168","HYRAX",2010,0.545454545454545,1.63636363636364,2.45454545454545,2.36363636363636
"107",2,"HY018",1,1,1,"4H-39168","HYRAX",2012,-0.454545454545455,-0.363636363636364,2.45454545454545,2.36363636363636
"108",2,"HY020",2,0,1,"4H-55183","HYRAX",2013,-0.75,-1,1.75,3
"109",3,"HY021",3,0,1,"4H-55183","HYRAX",2013,-0.75,-1,1.75,3
"110",2,"HY022",1,1,4,"4H-55183","HYRAX",2014,0.25,2,1.75,3
"111",2,"HY024",2,2,2,"4H-55183","HYRAX",2015,1.25,0,1.75,3
"112",3,"IN002",2,0,0,"4H-48922","INDRI",2007,0,0,1,1
"113",2,"IN014",2,3,3,"4H-48926","INDRI",2011,2.25,1,1.75,3
"114",2,"IN005",2,0,1,"4H-48926","INDRI",2008,-0.75,-1,1.75,3
"115",2,"IN008",3,0,2,"4H-48926","INDRI",2009,-0.75,0,1.75,3
"116",2,"IN009",4,0,2,"4H-48926","INDRI",2009,-0.75,0,1.75,3
"117",1,"IN018",1,0,2,"4H-54908","INDRI",2013,0,0,1,3
"118",1,"JA001",1,0,1,"4H-48705","JACKAL",2007,0,0,1,2
"119",2,"JA014",2,0,3,"4H-48721","JACKAL",2011,-1.33333333333333,1.5,2.33333333333333,2.5
"120",2,"JA003",3,0,1,"4H-48721","JACKAL",2007,-1.33333333333333,-0.5,2.33333333333333,2.5
"121",2,"JA010",3,4,1,"4H-48721","JACKAL",2009,2.66666666666667,-0.5,2.33333333333333,2.5
"122",2,"JA011",1,4,3,"4H-48721","JACKAL",2010,2.66666666666667,1.5,2.33333333333333,2.5
"123",3,"JA019",4,0,0,"4H-48721","JACKAL",2013,-1.33333333333333,-1.5,2.33333333333333,2.5
"124",3,"JA018",3,0,1,"4H-48721","JACKAL",2013,-1.33333333333333,-0.5,2.33333333333333,2.5
"125",1,"JE012",1,1,4,"4H-48730","JERBOA",2015,0.428571428571429,1.28571428571429,1.57142857142857,3.71428571428571
"126",2,"JE013",2,1,4,"4H-48730","JERBOA",2015,0.428571428571429,1.28571428571429,1.57142857142857,3.71428571428571
"127",2,"JE004",1,1,1,"4H-48730","JERBOA",2012,0.428571428571429,-1.71428571428571,1.57142857142857,3.71428571428571
"128",3,"JE006",2,0,1,"4H-48730","JERBOA",2013,-0.571428571428571,-1.71428571428571,1.57142857142857,3.71428571428571
"129",3,"JE007",3,0,1,"4H-48730","JERBOA",2013,-0.571428571428571,-1.71428571428571,1.57142857142857,3.71428571428571
"130",3,"JE011",2,0,4,"4H-48730","JERBOA",2014,-0.571428571428571,1.28571428571429,1.57142857142857,3.71428571428571
"131",2,"JE014",3,1,4,"4H-48730","JERBOA",2015,0.428571428571429,1.28571428571429,1.57142857142857,3.71428571428571
"132",2,"KU001",1,0,0,"4H-48976","KUDU",2008,-0.5,-0.25,1.5,1.25
"133",2,"KU003",2,0,0,"4H-48976","KUDU",2009,-0.5,-0.25,1.5,1.25
"134",2,"KU004",3,0,0,"4H-48976","KUDU",2009,-0.5,-0.25,1.5,1.25
"135",2,"KU005",1,2,1,"4H-48976","KUDU",2010,1.5,0.75,1.5,1.25
"136",2,"KU016",1,3,4,"4H-55168","KUDU",2015,0.5,0,3.5,5
"137",2,"KU017",2,2,4,"4H-55168","KUDU",2015,-0.5,0,3.5,5
"138",3,"LE003",3,0,0,"4H-39143","LEMUR",2007,-1.28571428571429,-0.142857142857143,2.28571428571429,1.14285714285714
"139",3,"LE009",2,3,0,"4H-39143","LEMUR",2009,1.71428571428571,-0.142857142857143,2.28571428571429,1.14285714285714
"140",2,"LE010",3,3,0,"4H-39143","LEMUR",2009,1.71428571428571,-0.142857142857143,2.28571428571429,1.14285714285714
"141",3,"LE011",1,1,0,"4H-39143","LEMUR",2010,-0.285714285714286,-0.142857142857143,2.28571428571429,1.14285714285714
"142",3,"LE012",2,1,0,"4H-39143","LEMUR",2010,-0.285714285714286,-0.142857142857143,2.28571428571429,1.14285714285714
"143",2,"LE013",1,1,1,"4H-39143","LEMUR",2011,-0.285714285714286,0.857142857142857,2.28571428571429,1.14285714285714
"144",3,"LE002",2,0,0,"4H-39143","LEMUR",2007,-1.28571428571429,-0.142857142857143,2.28571428571429,1.14285714285714
"145",3,"LE016",2,0,0,"4H-55222","LEMUR",2013,0,0,1,1
"146",3,"LE017",3,0,0,"4H-55222","LEMUR",2013,0,0,1,1
"147",3,"LE018",4,0,0,"4H-55222","LEMUR",2013,0,0,1,1
"148",2,"LE019",1,1,1,"4H-68621","LEMUR",2015,0,0,2,2
"149",2,"MO005",3,0,0,"4H-39176","MOLE",2008,0,0,1,1
"150",2,"MO004",2,0,0,"4H-39176","MOLE",2008,0,0,1,1
"151",2,"MO002",2,0,0,"4H-48710","MOLE",2007,0,0,1,1
"152",2,"MO009",1,0,3,"4H-48930","MOLE",2010,0,0,1,4
"153",2,"MO010",1,1,1,"4H-54972","MOLE",2011,0,0,2,2
"154",2,"MO011",2,1,1,"4H-54972","MOLE",2011,0,0,2,2
"155",2,"MO014",2,0,0,"4H-54984","MOLE",2013,-0.8,-1.2,1.8,2.2
"156",3,"MO015",3,0,0,"4H-54984","MOLE",2013,-0.8,-1.2,1.8,2.2
"157",2,"MO017",2,2,2,"4H-54984","MOLE",2014,1.2,0.8,1.8,2.2
"158",2,"MO018",1,1,2,"4H-54984","MOLE",2015,0.2,0.8,1.8,2.2
"159",2,"MO019",2,1,2,"4H-54984","MOLE",2015,0.2,0.8,1.8,2.2
"160",3,"NY002",2,0,0,"4H-48729","NYALA",2007,0,0,1,1
"161",1,"NY005",2,0,1,"4H-48935","NYALA",2008,0,-1,1,3
"162",1,"NY010",1,0,3,"4H-48935","NYALA",2010,0,1,1,3
"163",2,"NY008",2,0,3,"4H-48935","NYALA",2009,0,1,1,3
"164",3,"NY011",2,0,3,"4H-48935","NYALA",2010,0,1,1,3
"165",2,"NY012",3,0,2,"4H-48935","NYALA",2010,0,0,1,3
"166",3,"NY013",1,0,0,"4H-48935","NYALA",2011,0,-2,1,3
"167",1,"NY019",2,4,1,"4H-54972","NYALA",2015,2,0.4,3,1.6
"168",2,"NY020",3,4,1,"4H-54972","NYALA",2015,2,0.4,3,1.6
"169",2,"NY014",1,0,0,"4H-54972","NYALA",2013,-2,-0.6,3,1.6
"170",3,"NY015",2,0,0,"4H-54972","NYALA",2013,-2,-0.6,3,1.6
"171",2,"NY017",2,2,1,"4H-54972","NYALA",2014,0,0.4,3,1.6
"172",2,"OK019",2,1,0,"4H-48765","OKAPI",2015,0.6,-1,1.4,2
"173",2,"OK010",2,1,4,"4H-48765","OKAPI",2011,0.6,3,1.4,2
"174",2,"OK013",2,0,0,"4H-48765","OKAPI",2013,-0.4,-1,1.4,2
"175",2,"OK014",3,0,0,"4H-48765","OKAPI",2013,-0.4,-1,1.4,2
"176",2,"OK017",2,0,1,"4H-48765","OKAPI",2014,-0.4,0,1.4,2
"177",2,"OK003",2,2,1,"4H-48766","OKAPI",2008,-0.6,0,3.6,2
"178",2,"OK006",3,3,1,"4H-48766","OKAPI",2009,0.4,0,3.6,2
"179",2,"OK007",4,3,1,"4H-48766","OKAPI",2009,0.4,0,3.6,2
"180",2,"OK008",1,2,1,"4H-48766","OKAPI",2010,-0.6,0,3.6,2
"181",2,"OK005",2,3,1,"4H-48766","OKAPI",2009,0.4,0,3.6,2
"182",3,"OK001",1,0,0,"4H-48926","OKAPI",2007,0,0,1,1
"183",1,"PO014",1,1,2,"4H-48779","PORCUPINE",2014,0.666666666666667,1,1.33333333333333,2
"184",2,"PO011",2,0,1,"4H-48779","PORCUPINE",2013,-0.333333333333333,0,1.33333333333333,2
"185",2,"PO013",4,0,0,"4H-48779","PORCUPINE",2013,-0.333333333333333,-1,1.33333333333333,2
"186",1,"PO002",2,0,0,"4H-48902","PORCUPINE",2009,-1.25,-1,2.25,2
"187",2,"PO003",1,2,0,"4H-48902","PORCUPINE",2010,0.75,-1,2.25,2
"188",2,"PO007",2,2,2,"4H-48902","PORCUPINE",2011,0.75,1,2.25,2
"189",2,"PO008",3,1,2,"4H-48902","PORCUPINE",2011,-0.25,1,2.25,2
"190",3,"PU003",3,0,0,"4H-48921","PUKU",2007,-1.71428571428571,-1.71428571428571,2.71428571428571,2.71428571428571
"191",2,"PU006",3,1,1,"4H-48921","PUKU",2008,-0.714285714285714,-0.714285714285714,2.71428571428571,2.71428571428571
"192",2,"PU010",3,2,2,"4H-48921","PUKU",2009,0.285714285714286,0.285714285714286,2.71428571428571,2.71428571428571
"193",2,"PU013",3,2,3,"4H-48921","PUKU",2010,0.285714285714286,1.28571428571429,2.71428571428571,2.71428571428571
"194",2,"PU014",4,2,2,"4H-48921","PUKU",2010,0.285714285714286,0.285714285714286,2.71428571428571,2.71428571428571
"195",2,"PU015",1,4,3,"4H-48921","PUKU",2011,2.28571428571429,1.28571428571429,2.71428571428571,2.71428571428571
"196",2,"PU020",1,1,1,"4H-48921","PUKU",2012,-0.714285714285714,-0.714285714285714,2.71428571428571,2.71428571428571
"197",2,"PU023",3,0,0,"4H-54977","PUKU",2013,0,0,1,1
"198",2,"PU022",2,0,0,"4H-54977","PUKU",2013,0,0,1,1
"199",2,"PU025",5,0,0,"4H-54977","PUKU",2013,0,0,1,1
"200",3,"QU002",2,0,0,"4H-48929","QUAGGA",2007,0,0,1,1
"201",1,"QU003",3,0,0,"4H-48929","QUAGGA",2007,0,0,1,1
"202",1,"QU008",1,0,1,"4H-48945","QUAGGA",2010,-1.42857142857143,0,2.42857142857143,2
"203",2,"QU012",1,0,2,"4H-48945","QUAGGA",2012,-1.42857142857143,1,2.42857142857143,2
"204",2,"QU011",3,0,1,"4H-48945","QUAGGA",2011,-1.42857142857143,0,2.42857142857143,2
"205",2,"QU016",3,1,0,"4H-48945","QUAGGA",2013,-0.428571428571428,-1,2.42857142857143,2
"206",3,"QU017",4,1,0,"4H-48945","QUAGGA",2013,-0.428571428571428,-1,2.42857142857143,2
"207",2,"QU020",2,4,2,"4H-48945","QUAGGA",2014,2.57142857142857,1,2.42857142857143,2
"208",2,"QU024",3,4,1,"4H-48945","QUAGGA",2015,2.57142857142857,0,2.42857142857143,2
"209",3,"RA003",3,0,0,"4H-39170","RATEL",2007,-1.625,-0.75,2.625,1.75
"210",2,"RA009",2,1,2,"4H-39170","RATEL",2009,-0.625,1.25,2.625,1.75
"211",2,"RA010",3,1,1,"4H-39170","RATEL",2009,-0.625,0.25,2.625,1.75
"212",2,"RA012",2,3,0,"4H-39170","RATEL",2010,1.375,-0.75,2.625,1.75
"213",2,"RA013",3,3,0,"4H-39170","RATEL",2010,1.375,-0.75,2.625,1.75
"214",2,"RA002",2,2,1,"4H-39170","RATEL",2007,0.375,0.25,2.625,1.75
"215",2,"RA006",2,0,2,"4H-39170","RATEL",2008,-1.625,1.25,2.625,1.75
"216",2,"RA011",1,3,0,"4H-39170","RATEL",2010,1.375,-0.75,2.625,1.75
"217",2,"RA022",1,3,1,"4H-54912","RATEL",2015,1,-0.5,3,2.5
"218",2,"RA015",1,0,2,"4H-54912","RATEL",2012,-2,0.5,3,2.5
"219",2,"RA021",2,2,2,"4H-54912","RATEL",2014,0,0.5,3,2.5
"220",2,"RA023",2,3,1,"4H-54912","RATEL",2015,1,-0.5,3,2.5
"221",2,"RO002",1,1,0,"4H-48917","ROBIN",2010,0,0,2,1
"222",2,"RO009",1,0,1,"4H-48932","ROBIN",2014,-0.5,0.25,1.5,1.75
"223",2,"RO010",2,0,1,"4H-48932","ROBIN",2014,-0.5,0.25,1.5,1.75
"224",2,"RO011",1,1,1,"4H-48932","ROBIN",2015,0.5,0.25,1.5,1.75
"225",2,"RO012",2,1,0,"4H-48932","ROBIN",2015,0.5,-0.75,1.5,1.75
"226",2,"ST002",1,2,2,"4H-54951","STORK",2010,0.222222222222222,1,2.77777777777778,2
"227",2,"ST003",2,1,2,"4H-54951","STORK",2010,-0.777777777777778,1,2.77777777777778,2
"228",2,"ST004",3,1,2,"4H-54951","STORK",2010,-0.777777777777778,1,2.77777777777778,2
"229",2,"ST001",1,2,0,"4H-54951","STORK",2009,0.222222222222222,-1,2.77777777777778,2
"230",2,"ST006",2,2,1,"4H-54951","STORK",2011,0.222222222222222,0,2.77777777777778,2
"231",2,"ST007",3,2,0,"4H-54951","STORK",2011,0.222222222222222,-1,2.77777777777778,2
"232",3,"ST013",4,0,0,"4H-54951","STORK",2013,-1.77777777777778,-1,2.77777777777778,2
"233",3,"ST017",1,3,1,"4H-54951","STORK",2015,1.22222222222222,0,2.77777777777778,2
"234",2,"ST019",2,3,1,"4H-54951","STORK",2015,1.22222222222222,0,2.77777777777778,2
"235",1,"SU007",1,3,2,"4H-48756","SUNI",2010,-0.125,1,4.125,2
"236",2,"SU005",2,4,2,"4H-48756","SUNI",2009,0.875,1,4.125,2
"237",2,"SU006",3,4,2,"4H-48756","SUNI",2009,0.875,1,4.125,2
"238",1,"SU008",2,3,1,"4H-48756","SUNI",2010,-0.125,0,4.125,2
"239",1,"SU009",3,3,1,"4H-48756","SUNI",2010,-0.125,0,4.125,2
"240",2,"SU010",1,3,0,"4H-48756","SUNI",2011,-0.125,-1,4.125,2
"241",2,"SU011",2,3,0,"4H-48756","SUNI",2011,-0.125,-1,4.125,2
"242",2,"SU012",1,2,0,"4H-48756","SUNI",2012,-1.125,-1,4.125,2
"243",2,"SU016",1,1,4,"4H-48989","SUNI",2014,0.666666666666667,2.66666666666667,1.33333333333333,2.33333333333333
"244",2,"SU014",2,0,0,"4H-48989","SUNI",2013,-0.333333333333333,-1.33333333333333,1.33333333333333,2.33333333333333
"245",3,"SU015",3,0,0,"4H-48989","SUNI",2013,-0.333333333333333,-1.33333333333333,1.33333333333333,2.33333333333333
"246",2,"SU019",2,0,4,"4H-55100","SUNI",2015,-0.5,0.5,1.5,4.5
"247",2,"SU020",3,1,3,"4H-55100","SUNI",2015,0.5,-0.5,1.5,4.5
"248",2,"TI007",2,0,0,"4H-54906","TIT",2013,-0.555555555555556,-0.555555555555556,1.55555555555556,1.55555555555556
"249",1,"TI001",1,0,1,"4H-54906","TIT",2009,-0.555555555555556,0.444444444444444,1.55555555555556,1.55555555555556
"250",1,"TI006",1,0,0,"4H-54906","TIT",2013,-0.555555555555556,-0.555555555555556,1.55555555555556,1.55555555555556
"251",2,"TI003",2,0,0,"4H-54906","TIT",2010,-0.555555555555556,-0.555555555555556,1.55555555555556,1.55555555555556
"252",2,"TI005",1,0,1,"4H-54906","TIT",2012,-0.555555555555556,0.444444444444444,1.55555555555556,1.55555555555556
"253",2,"TI008",3,0,0,"4H-54906","TIT",2013,-0.555555555555556,-0.555555555555556,1.55555555555556,1.55555555555556
"254",2,"TI009",4,0,1,"4H-54906","TIT",2013,-0.555555555555556,0.444444444444444,1.55555555555556,1.55555555555556
"255",2,"TI011",2,2,1,"4H-54906","TIT",2014,1.44444444444444,0.444444444444444,1.55555555555556,1.55555555555556
"256",1,"TI013",2,3,1,"4H-54906","TIT",2015,2.44444444444444,0.444444444444444,1.55555555555556,1.55555555555556
"257",2,"TO002",2,1,0,"4H-39195","TOPI",2007,-1.26666666666667,-1.53333333333333,3.26666666666667,2.53333333333333
"258",2,"TO024",1,3,2,"4H-39195","TOPI",2015,0.733333333333333,0.466666666666667,3.26666666666667,2.53333333333333
"259",2,"TO003",3,0,0,"4H-39195","TOPI",2007,-2.26666666666667,-1.53333333333333,3.26666666666667,2.53333333333333
"260",2,"TO004",4,0,0,"4H-39195","TOPI",2007,-2.26666666666667,-1.53333333333333,3.26666666666667,2.53333333333333
"261",2,"TO007",3,1,0,"4H-39195","TOPI",2008,-1.26666666666667,-1.53333333333333,3.26666666666667,2.53333333333333
"262",2,"TO009",2,3,1,"4H-39195","TOPI",2009,0.733333333333333,-0.533333333333333,3.26666666666667,2.53333333333333
"263",2,"TO010",3,3,2,"4H-39195","TOPI",2009,0.733333333333333,0.466666666666667,3.26666666666667,2.53333333333333
"264",2,"TO012",2,3,4,"4H-39195","TOPI",2010,0.733333333333333,2.46666666666667,3.26666666666667,2.53333333333333
"265",2,"TO011",1,3,4,"4H-39195","TOPI",2010,0.733333333333333,2.46666666666667,3.26666666666667,2.53333333333333
"266",2,"TO018",2,2,1,"4H-39195","TOPI",2013,-0.266666666666667,-0.533333333333333,3.26666666666667,2.53333333333333
"267",2,"TO022",2,3,2,"4H-39195","TOPI",2014,0.733333333333333,0.466666666666667,3.26666666666667,2.53333333333333
"268",2,"TO014",2,4,3,"4H-39195","TOPI",2011,1.73333333333333,1.46666666666667,3.26666666666667,2.53333333333333
"269",2,"TO017",1,3,1,"4H-39195","TOPI",2013,0.733333333333333,-0.533333333333333,3.26666666666667,2.53333333333333
"270",2,"TO019",3,2,1,"4H-39195","TOPI",2013,-0.266666666666667,-0.533333333333333,3.26666666666667,2.53333333333333
"271",2,"TO025",2,3,2,"4H-39195","TOPI",2015,0.733333333333333,0.466666666666667,3.26666666666667,2.53333333333333
"272",2,"UB007",3,1,2,"4H-39180","UBEND",2009,0,1,2,2
"273",3,"UB001",1,0,0,"4H-39180","UBEND",2007,-1,-1,2,2
"274",2,"UB002",2,0,0,"4H-39180","UBEND",2007,-1,-1,2,2
"275",2,"UB004",2,1,1,"4H-39180","UBEND",2008,0,0,2,2
"276",2,"UB006",2,1,2,"4H-39180","UBEND",2009,0,1,2,2
"277",2,"UB008",1,2,3,"4H-39180","UBEND",2010,1,2,2,2
"278",2,"UB014",2,2,0,"4H-39180","UBEND",2012,1,-1,2,2
"279",3,"UB017",3,1,0,"4H-39180","UBEND",2013,0,-1,2,2
"280",1,"UB018",4,0,0,"4H-48732","UBEND",2013,-0.25,-1,1.25,2
"281",1,"UB020",2,1,0,"4H-48732","UBEND",2014,0.75,-1,1.25,2
"282",2,"UB024",2,0,2,"4H-48732","UBEND",2015,-0.25,1,1.25,2
"283",3,"UB025",3,0,2,"4H-48732","UBEND",2015,-0.25,1,1.25,2
"284",2,"VA002",2,0,3,"4H-48760","VANGA",2008,-1.42857142857143,1.57142857142857,2.42857142857143,2.42857142857143
"285",2,"VA005",3,1,2,"4H-48760","VANGA",2009,-0.428571428571428,0.571428571428572,2.42857142857143,2.42857142857143
"286",3,"VA006",4,1,1,"4H-48760","VANGA",2009,-0.428571428571428,-0.428571428571428,2.42857142857143,2.42857142857143
"287",3,"VA007",5,1,1,"4H-48760","VANGA",2009,-0.428571428571428,-0.428571428571428,2.42857142857143,2.42857142857143
"288",2,"VA008",1,2,0,"4H-48760","VANGA",2010,0.571428571428572,-1.42857142857143,2.42857142857143,2.42857142857143
"289",2,"VA009",2,2,0,"4H-48760","VANGA",2010,0.571428571428572,-1.42857142857143,2.42857142857143,2.42857142857143
"290",3,"VA010",1,3,3,"4H-48760","VANGA",2011,1.57142857142857,1.57142857142857,2.42857142857143,2.42857142857143
"291",2,"VA021",1,2,1,"4H-48827","VANGA",2015,1.14285714285714,0.142857142857143,1.85714285714286,1.85714285714286
"292",2,"VA024",4,0,1,"4H-48827","VANGA",2015,-0.857142857142857,0.142857142857143,1.85714285714286,1.85714285714286
"293",2,"VA016",3,0,0,"4H-48827","VANGA",2013,-0.857142857142857,-0.857142857142857,1.85714285714286,1.85714285714286
"294",3,"VA018",1,2,1,"4H-48827","VANGA",2014,1.14285714285714,0.142857142857143,1.85714285714286,1.85714285714286
"295",2,"VA023",3,0,1,"4H-48827","VANGA",2015,-0.857142857142857,0.142857142857143,1.85714285714286,1.85714285714286
"296",2,"VA025",5,0,1,"4H-48827","VANGA",2015,-0.857142857142857,0.142857142857143,1.85714285714286,1.85714285714286
"297",3,"VA019",2,2,1,"4H-48827","VANGA",2014,1.14285714285714,0.142857142857143,1.85714285714286,1.85714285714286
"298",3,"WE003",3,0,0,"4H-48923","WEASEL",2007,-1.85714285714286,-0.928571428571429,2.85714285714286,1.92857142857143
"299",1,"WE009",1,5,2,"4H-48923","WEASEL",2010,3.14285714285714,1.07142857142857,2.85714285714286,1.92857142857143
"300",2,"WE005",3,2,0,"4H-48923","WEASEL",2008,0.142857142857143,-0.928571428571429,2.85714285714286,1.92857142857143
"301",2,"WE007",2,3,1,"4H-48923","WEASEL",2009,1.14285714285714,0.0714285714285714,2.85714285714286,1.92857142857143
"302",2,"WE008",3,3,1,"4H-48923","WEASEL",2009,1.14285714285714,0.0714285714285714,2.85714285714286,1.92857142857143
"303",3,"WE010",2,5,2,"4H-48923","WEASEL",2010,3.14285714285714,1.07142857142857,2.85714285714286,1.92857142857143
"304",2,"WE011",3,4,2,"4H-48923","WEASEL",2010,2.14285714285714,1.07142857142857,2.85714285714286,1.92857142857143
"305",2,"WE017",2,0,0,"4H-48923","WEASEL",2013,-1.85714285714286,-0.928571428571429,2.85714285714286,1.92857142857143
"306",2,"WE014",3,3,2,"4H-48923","WEASEL",2011,1.14285714285714,1.07142857142857,2.85714285714286,1.92857142857143
"307",1,"WE015",1,0,1,"4H-48923","WEASEL",2012,-1.85714285714286,0.0714285714285714,2.85714285714286,1.92857142857143
"308",2,"WE024",2,0,1,"4H-48923","WEASEL",2014,-1.85714285714286,0.0714285714285714,2.85714285714286,1.92857142857143
"309",3,"WE002",2,0,0,"4H-48923","WEASEL",2007,-1.85714285714286,-0.928571428571429,2.85714285714286,1.92857142857143
"310",3,"WE020",5,0,0,"4H-48923","WEASEL",2013,-1.85714285714286,-0.928571428571429,2.85714285714286,1.92857142857143
"311",3,"WE025",1,1,1,"4H-48923","WEASEL",2015,-0.857142857142857,0.0714285714285714,2.85714285714286,1.92857142857143
"312",3,"XM001",1,0,0,"4H-39158","XMEN",2007,-0.454545454545455,-1.09090909090909,1.45454545454545,2.09090909090909
"313",2,"XM004",3,0,2,"4H-39158","XMEN",2008,-0.454545454545455,0.909090909090909,1.45454545454545,2.09090909090909
"314",2,"XM007",3,0,2,"4H-39158","XMEN",2009,-0.454545454545455,0.909090909090909,1.45454545454545,2.09090909090909
"315",2,"XM003",2,0,2,"4H-39158","XMEN",2008,-0.454545454545455,0.909090909090909,1.45454545454545,2.09090909090909
"316",2,"XM006",2,0,2,"4H-39158","XMEN",2009,-0.454545454545455,0.909090909090909,1.45454545454545,2.09090909090909
"317",2,"XM008",1,0,1,"4H-39158","XMEN",2010,-0.454545454545455,-0.0909090909090908,1.45454545454545,2.09090909090909
"318",3,"XM013",2,1,0,"4H-39158","XMEN",2013,0.545454545454545,-1.09090909090909,1.45454545454545,2.09090909090909
"319",3,"XM015",4,1,0,"4H-39158","XMEN",2013,0.545454545454545,-1.09090909090909,1.45454545454545,2.09090909090909
"320",2,"XM018",3,1,1,"4H-39158","XMEN",2014,0.545454545454545,-0.0909090909090908,1.45454545454545,2.09090909090909
"321",2,"XM019",1,1,1,"4H-39158","XMEN",2015,0.545454545454545,-0.0909090909090908,1.45454545454545,2.09090909090909
"322",2,"XM020",2,1,1,"4H-39158","XMEN",2015,0.545454545454545,-0.0909090909090908,1.45454545454545,2.09090909090909
"323",2,"YE002",1,1,0,"4H-48728","YETI",2010,-0.375,-0.625,2.375,1.625
"324",2,"YE004",1,1,0,"4H-48728","YETI",2012,-0.375,-0.625,2.375,1.625
"325",2,"YE005",1,1,0,"4H-48728","YETI",2013,-0.375,-0.625,2.375,1.625
"326",2,"YE006",2,0,0,"4H-48728","YETI",2013,-1.375,-0.625,2.375,1.625
"327",2,"YE003",1,2,1,"4H-48728","YETI",2011,0.625,0.375,2.375,1.625
"328",2,"YE007",3,0,0,"4H-48728","YETI",2013,-1.375,-0.625,2.375,1.625
"329",2,"YE024",2,3,2,"4H-48728","YETI",2015,1.625,1.375,2.375,1.625
"330",2,"YE025",3,3,2,"4H-48728","YETI",2015,1.625,1.375,2.375,1.625
"331",2,"YI002",2,1,1,"4H-39185","YIPPEE",2007,0.75,0.5,1.25,1.5
"332",2,"YI005",1,0,0,"4H-39185","YIPPEE",2008,-0.25,-0.5,1.25,1.5
"333",2,"YI009",3,0,1,"4H-39185","YIPPEE",2009,-0.25,0.5,1.25,1.5
"334",2,"YI003",3,0,0,"4H-39185","YIPPEE",2007,-0.25,-0.5,1.25,1.5
"335",1,"YI013",1,2,3,"4H-55224","YIPPEE",2015,0.5,1.5,2.5,2.5
"336",3,"YI012",2,1,0,"4H-55224","YIPPEE",2013,-0.5,-1.5,2.5,2.5
"337",1,"ZE001",1,0,0,"4H-48722","ZEBRA",2007,-1,-0.875,2,1.875
"338",1,"ZE005",3,1,1,"4H-48722","ZEBRA",2009,0,0.125,2,1.875
"339",2,"ZE006",4,1,1,"4H-48722","ZEBRA",2009,0,0.125,2,1.875
"340",2,"ZE007",1,2,1,"4H-48722","ZEBRA",2010,1,0.125,2,1.875
"341",2,"ZE010",1,2,1,"4H-48722","ZEBRA",2012,1,0.125,2,1.875
"342",2,"ZE012",2,0,1,"4H-48722","ZEBRA",2013,-1,0.125,2,1.875
"343",2,"ZE016",1,1,1,"4H-48722","ZEBRA",2015,0,0.125,2,1.875
"344",2,"ZE017",2,1,1,"4H-48722","ZEBRA",2015,0,0.125,2,1.875
